Кластер;Запрос;Показов/мес;Топ-1;Частота1;Топ-2;Частота2;Топ-3;Частота3
Инструменты;нейросеть для текста;99361;нейросеть для текста;99361;нейросеть для генерации текста;64625;нейросеть для текста бесплатно;23509
ИИ-агенты;ии агент;72294;создание ии агентов;3660;как создать ии агента;3528;что такое ии агент;3206
Инструменты;gigachat;53973;gigachat;53973;запросы gigachat;7348;gigachat алиса;5455
Инструменты;ии для презентаций;50858;ии для презентаций;50858;ии для создания презентаций;18047;ии для презентаций бесплатно;16770
Отрасли;автоматизация производства;34554;автоматизация производства;34554;автоматизация процессов и производств;10384;автоматизация технологических производств;9731
Инструменты;yandexgpt;15047;yandexgpt;15047;нейросеть yandexgpt;1900;яндекс yandexgpt;1673
Внедрение;внедрение ии;14613;внедрение ии;14613;внедрение систем ии;1270;внедрение ии в бизнес;1106
Юристы;ии для юристов;10303;ии для юристов;10303;стриж ии для юристов;3386;ии для юристов бесплатно;1201
Внедрение;ии для бизнеса;9042;ии для бизнеса;9042;ии агенты для бизнеса;1535;ии для бизнеса обучение;624
Управление/люди;цифровые сотрудники;5809;цифровой сотрудник;5815;электронный цифровой сотрудник;396;руководитель цифровых сотрудников;394
Отрасли;ии в медицине;4635;ии в медицине;4635;применение ии в медицине;587;использование ии в медицине;495
Юристы;нейросеть для юристов;4417;нейросеть для юристов;4417;стриж нейросеть для юристов;913;нейросеть для юристов бесплатно;692
Инструменты;как пользоваться нейросетью;3879;как пользоваться нейросетью;3879;как пользоваться нейросетями в россии;629;как пользоваться нейросетями бесплатно;597
ИИ-агенты;как создать ии агента;3528;как создать ии агента;3528;как создать ии агента бесплатно;227;как создать ии агента в дипсик;104
ИИ-агенты;бесплатные ии агенты;2971;бесплатные ии агенты;2971;как создать ии агента бесплатно;227;создание ии агента бесплатно;141
Внедрение;нейросеть для бизнеса;2703;нейросети для бизнеса;2703;ии нейросеть для бизнеса;444;курс по нейросетям для бизнеса;341
Инструменты;нейросеть для таблиц;2653;нейросеть для таблиц;2653;нейросеть для создания таблиц;503;нейросеть для работы с таблицами;445
ИИ-агенты;ии агент что это;2628;ии агенты что это;2628;ии агенты для бизнеса что это;45;создание ии агентов что это;30
Продажи/CRM;ии для продаж;2531;ии для продаж;2531;ии для фото продажи;367;ии для продажи товара;213
Отрасли;ии в строительстве;2161;ии в строительстве;2161;ии в строительстве курсы;119;применение ии в строительстве;107
Отрасли;ии на производстве;1853;ии на производстве;1853;применение ии на производстве;235;внедрение ии на производстве;137
Инструменты;как написать промпт;1733;как написать промпт;1733;как правильно написать промпт;297;как написать промпт для нейросети;226
ИИ-агенты;ии агенты для бизнеса;1535;ии агенты для бизнеса;1535;ии агенты для бизнеса обучение;130;создание ии агентов для бизнеса;117
Отрасли;автоматизация логистики;1389;автоматизация логистики;1389;системы автоматизации логистики;360;автоматизация складской логистики;257
Внедрение;искусственный интеллект для бизнеса;1317;искусственный интеллект для бизнеса;1317;искусственный интеллект для бизнес процессов;113;искусственный интеллект для вашего бизнеса;101
ИИ-агенты;локальный ии агент;1253;локальный ии агент;1253;локальный ии агент на пк;85;локальные бесплатные ии агенты;83
ИИ-агенты;ии агенты обучение;1246;ии агенты обучение;1246;создание ии агентов обучение;338;ии агенты для бизнеса обучение;130
Юристы;ии для юриста бесплатно;1201;ии для юристов бесплатно;1201;ии для юриста онлайн бесплатно;277;ии для юристов и адвокатов бесплатно;182
ИИ-агенты;система ии агентов;1150;система ии агентов;1150;автономная система ии агентов;54;;
Отрасли;автоматизация строительства;1144;автоматизация в строительстве;703;система автоматизации строительства;230;автоматизация процесса строительства;205
Внедрение;как внедрить ии;1127;как внедрить ии;1127;как внедрить ии в бизнес;121;как внедрить ии в работу;81
Внедрение;внедрение ии в бизнес;1106;внедрение ии в бизнес;1106;внедрение ии в бизнес процессы;305;внедрение ии в бизнес под ключ;115
Внедрение;автоматизация бизнеса ии;1089;ии автоматизация бизнес процессов;427;автоматизация бизнеса с помощью ии;367;ии автоматизация для бизнеса;281
ИИ-агенты;внедрение ии агентов;937;внедрение ии агентов;937;внедрение ии агентов в бизнес;77;тендеры по внедрению ии агентов;43
SEO/GEO;продвижение в нейросетях;920;продвижение в нейросетях;920;агентство продвижение в нейросетях;279;специалисты по продвижению в нейросетях;136
Юристы;ии проверка договора;887;ии проверка договора;887;проверка договора через ии;126;проверка договоров с помощью ии;91
SEO/GEO;чат боты для бизнеса;846;чат боты для бизнеса;846;чат бот для бизнеса макс;158;ии чат бот для бизнеса;94
Отрасли;ии для бухгалтерии;597;ии для бухгалтерии;597;ии для 1с бухгалтерия;129;ии для бухгалтерии бесплатно;51
SEO/GEO;чат бот для сайта;548;чат бот для сайта;548;ии чат бот для сайта;57;создание чат ботов для сайтов;54
Отрасли;ии в логистике;534;ии в логистике;534;технологии ии в логистике;53;ии в транспорте и логистике;41
ИИ-агенты;ии агент для 1с;526;ии агент для 1с;526;ии агент для работы с 1с;42;ии агент для разработки 1с;32
Отрасли;автоматизация ресторана;516;автоматизация ресторана;516;системы автоматизации ресторанов;152;автоматизация кафе и ресторанов;107
ИИ-агенты;автономный ии агент;473;автономные ии агенты;473;автономная система ии агентов;54;платформы разработки автономные ии агенты;11
Отрасли;ии для hr;459;ии для hr;459;ии для hr обучение;89;ии инструменты для hr;46
Отрасли;ии для маркетинга;450;ии для маркетинга;450;ии агент для маркетинга;55;ии для маркетинга и продаж;39
Внедрение;автоматизация бизнес процессов ии;427;ии автоматизация бизнес процессов;427;автоматизация бизнес процессов с помощью ии;151;ии автоматизация бизнес процессов эдюсон;12
Отрасли;ии для недвижимости;384;ии для недвижимости;384;ии для агентства недвижимости;38;лучший ии для недвижимости;31
ИИ-агенты;ии агент для сайта;347;сайт для ии агентов;347;ии агент для создания сайта;77;лучший сайт для ии агентов;28
Отрасли;ии для ресторана;330;ии для ресторанов;330;ии меню для ресторана;68;ии для создания меню ресторана;31
Внедрение;примеры внедрения ии;324;примеры внедрения ии;324;реальные примеры внедрения ии;43;успешные примеры внедрения ии;31
SEO/GEO;гео продвижение;312;гео продвижение;312;сео и гео продвижение;31;гео продвижение сайта;30
Управление/люди;юридические риски ии;304;;;;;;
Отрасли;ии для интернет магазина;303;ии для интернет магазина;303;ии для создания интернет магазина;155;ии ассистент для интернет магазина;8
Деньги/эффект;эффективность внедрения ии;269;эффективность внедрения ии;269;оценка эффективности внедрения ии;55;;
Деньги/эффект;стоимость внедрения ии;242;стоимость внедрения ии;242;внедрение ии в бизнес под ключ стоимость;12;;
Продажи/CRM;crm с ии;239;crm с ии;239;crm система с ии;107;crm система с ии эдюсон;7
Продажи/CRM;автоматизация отдела продаж;237;автоматизация отдела продаж;237;автоматизация процессов отдела продаж;125;автоматизация отдела продаж битрикс24;9
Отрасли;ии для клиники;222;ии для руководителя частной мед клиники;10;;;;
Управление/люди;обучение команды ии;209;внедрение ии в команду обучение;8;;;;
Инструменты;ии анализ excel;182;ии анализ excel;182;ии для анализа таблиц excel;80;ии для анализа данных excel;44
Отрасли;ии для стоматологии;179;ии для стоматологии;179;ии агент для стоматологии;13;транскриптор ии для стоматологии;11
Управление/люди;нейросеть или сотрудник;177;;;;;;
ИИ-агенты;ии агенты для продаж;162;ии агент для продажи;162;ии агенты для отдела продаж;21;;
Продажи/CRM;ии в crm;162;ии в crm;162;ии в crm системах;53;;
SEO/GEO;гео оптимизация;160;гео оптимизация;160;гео оптимизация сайта;34;;
Юристы;ии для составления договоров;160;ии для составления договоров;160;ии для составления договоров бесплатно;28;лучшие ии для составления договоров;14
Продажи/CRM;ии для отдела продаж;151;ии для отдела продаж;151;ии агенты для отдела продаж;21;;
Отрасли;ии для салона красоты;146;ии для салона красоты;146;ии администратор для салона красоты;24;музыка ии для салона красоты;16
Отрасли;ии для риэлтора;143;ии для риэлтора;143;ии агент для риэлтора;10;;
SEO/GEO;seo блог;136;seo блог;136;seo статьи блог;52;сайт seo блог;35
Отрасли;ии для автосервиса;136;ии для автосервиса;136;;;;
ИИ-агенты;стоимость ии агента;134;стоимость ии агентов;134;стоимость разработки ии агента;13;;
Внедрение;автоматизация документов ии;113;;;;;;
Отрасли;ии для строительной компании;112;ии для строительной компании;112;;;;
Отрасли;ии для онлайн школы;111;ии для онлайн школ;111;;;;
Внедрение;ии для малого бизнеса;110;ии для малого бизнеса;110;ии автоматизация для малого бизнеса;25;;
Юристы;сервисы ии для юристов;109;сервис с ии для юристов;20;;;;
Продажи/CRM;ии в битрикс24;103;ии в битрикс24;103;ии агенты в битрикс24;28;;
Деньги/эффект;окупаемость ии;92;;;;;;
Продажи/CRM;автоматизация коммерческих предложений;87;автоматизация коммерческого предложения;87;;;;
Внедрение;описание бизнес процесса автоматизация;87;описание бизнес процесс автоматизация;87;;;;
SEO/GEO;как попасть в ответы нейросети;62;как попасть в ответы нейросетей;62;geo продвижение как попасть в ответы нейросетей;11;;
ИИ-агенты;ии для агентства недвижимости;38;ии для агентства недвижимости;38;ии агенты для агентств недвижимости;10;;
ИИ-агенты;ии для турагентства;37;ии для турагентства;37;;;;
Инструменты;ии ассистент telegram;34;ии ассистент telegram;34;;;;
Инструменты;rpa и искусственный интеллект;32;;;;;;
Отрасли;ии для медицинского центра;26;;;;;;
Продажи/CRM;ии в amocrm;20;;;;;;
Деньги/эффект;сколько стоит внедрение ии;15;сколько стоит внедрение ии;15;;;;
Продажи/CRM;ии для лидогенерации;15;;;;;;
SEO/GEO;seo умерло;15;seo умерло;15;;;;
Отрасли;контент маркетинг b2b;15;контент маркетинг b2b;15;;;;
Продажи/CRM;база знаний отдела продаж;13;отдел продаж база знаний;13;;;;
Отрасли;ии для фитнес клуба;10;;;;;;
Продажи/CRM;автоматизация входящих заявок;9;;;;;;
Управление/люди;сотрудники боятся ии;8;;;;;;
Управление/люди;подготовить компанию к ии;8;;;;;;
SEO/GEO;seo блог или контекстная реклама;1;;;;;;
Продажи/CRM;скоринг лидов ии;0;;;;;;
Продажи/CRM;реактивация клиентской базы ии;0;;;;;;
Деньги/эффект;стоимость seo блога;0;;;;;;
SEO/GEO;seo блог b2b;0;;;;;;
